adams.cwmars.org adams
agawam.cwmars.org agawam
aic.cwmars.org aic
amc.cwmars.org amc
amh-jones.cwmars.org amh-jones
amh-munson.cwmars.org amh-munson
amh-north.cwmars.org amh-north
ashburnham.cwmars.org ashburnham
ashby.cwmars.org ashby
ashfield.cwmars.org ashfield
athol.cwmars.org athol
auburn.cwmars.org auburn
ayer.cwmars.org ayer
barre.cwmars.org barre
belchertwn.cwmars.org belchertwn
bellingham.cwmars.org bellingham
berlin.cwmars.org berlin
bernardstn.cwmars.org bernardstn
blackstone.cwmars.org blackstone
blandford.cwmars.org blandford
bolton.cwmars.org bolton
boxboro.cwmars.org boxboro
boylston.cwmars.org boylston
brimfield.cwmars.org brimfield
brookfield.cwmars.org brookfield
buckland.cwmars.org buckland
charlemont.cwmars.org charlemont
charlton.cwmars.org charlton
chcp-bkm.cwmars.org chcp-bkm
chcp-fair.cwmars.org chcp-fair
chcp-fall.cwmars.org chcp-fall
chcp-main.cwmars.org chcp-main
cheshire.cwmars.org cheshire
chesterfld.cwmars.org chesterfld
clarksburg.cwmars.org clarksburg
conway.cwmars.org conway
clinton.cwmars.org clinton
colrain.cwmars.org colrain
dalton.cwmars.org dalton
deerfield.cwmars.org deerfield
douglas.cwmars.org douglas
dudley.cwmars.org dudley
easthamptn.cwmars.org easthamptn
ebrookfld.cwmars.org ebrookfld
egremont.cwmars.org egremont
elongmdw.cwmars.org elongmdw
erving.cwmars.org erving
fitchburg.cwmars.org fitchburg
florence.cwmars.org florence
florida.cwmars.org florida
gardner.cwmars.org gardner
gaylord.cwmars.org gaylord
gb-mason.cwmars.org gb-mason
gb-ramsdel.cwmars.org gb-ramsdel
gcc.cwmars.org gcc
grafton.cwmars.org grafton
granby.cwmars.org granby
granville.cwmars.org granville
greenfield.cwmars.org greenfield
hadley.cwmars.org hadley
hampden.cwmars.org hampden
hancock.cwmars.org hancock
hardwick.cwmars.org hardwick
harvard.cwmars.org harvard
hatfield.cwmars.org hatfield
hinsdale.cwmars.org hinsdale
heath.cwmars.org heath
holden.cwmars.org holden
holland.cwmars.org holland
holyoke.cwmars.org holyoke
hopedale.cwmars.org hopedale
hopkinton.cwmars.org hopkinton
hubbardstn.cwmars.org hubbardstn
hudson.cwmars.org hudson
huntington.cwmars.org huntington
lancaster.cwmars.org lancaster
lanesboro.cwmars.org lanesboro
lee.cwmars.org lee
leicester.cwmars.org leicester
lenox.cwmars.org lenox
leominster.cwmars.org leominster
leverett.cwmars.org leverett
longmeadow.cwmars.org longmeadow
ludlow.cwmars.org ludlow
lunenburg.cwmars.org lunenburg
marlboro.cwmars.org marlboro
mendon.cwmars.org mendon
middlefld.cwmars.org middlefld
milford.cwmars.org milford
millbury.cwmars.org millbury
millers.cwmars.org millers
millville.cwmars.org millville
monson.cwmars.org monson
montague.cwmars.org montague
monterey.cwmars.org monterey
mwcc.cwmars.org mwcc
nadams.cwmars.org nadams
nbrookfld.cwmars.org nbrookfld
newbraintr.cwmars.org newbraintr
newmarlbor.cwmars.org newmarlbor
newsalem.cwmars.org newsalem
northamptn.cwmars.org northamptn
northboro.cwmars.org northboro
northfield.cwmars.org northfield
oakham.cwmars.org oakham
orange-no.cwmars.org orange-no
orange-wh.cwmars.org orange-wh
otis.cwmars.org otis
oxford.cwmars.org oxford
palmer.cwmars.org palmer
paxton.cwmars.org paxton
pepperell.cwmars.org pepperell
petersham.cwmars.org petersham
phillipstn.cwmars.org phillipstn
pittsfield.cwmars.org pittsfield
princeton.cwmars.org princeton
pvpa.cwmars.org pvpa
richmond.cwmars.org richmond
rowe.cwmars.org rowe
shadley.cwmars.org shadley
sheffield.cwmars.org sheffield
shelbfalls.cwmars.org shelbfalls
shelburne.cwmars.org shelburne
shirley.cwmars.org shirley
shrewsbury.cwmars.org shrewsbury
shutesbury.cwmars.org shutesbury
southamptn.cwmars.org southamptn
southboro.cwmars.org southboro
southbridge.cwmars.org southbridge
southwick.cwmars.org southwick
spencer.cwmars.org spencer
spfld-bw.cwmars.org spfld-bw
spfld-efp.cwmars.org spfld-efp
spfld-es.cwmars.org spfld-es
spfld-fp.cwmars.org spfld-fp
spfld-io.cwmars.org spfld-io
spfld-li.cwmars.org spfld-li
spfld-main.cwmars.org spfld-main
spfld-ms.cwmars.org spfld-ms
spfld-pp.cwmars.org spfld-pp
spfld-sa.cwmars.org spfld-sa
state.cwmars.org state
sterling.cwmars.org sterling
stockbridg.cwmars.org stockbridg
sturbridge.cwmars.org sturbridge
sunderland.cwmars.org sunderland
sutton.cwmars.org sutton
templeton.cwmars.org templeton
tolland.cwmars.org tolland
townsend.cwmars.org townsend
turners.cwmars.org turners
tyringham.cwmars.org tyringham
upton.cwmars.org upton
uxbridge.cwmars.org uxbridge
wales.cwmars.org wales
ware.cwmars.org ware
warren.cwmars.org warren
warwick.cwmars.org warwick
wboylston.cwmars.org wboylston
wbrookfld.cwmars.org wbrookfld
webster.cwmars.org webster
wendell.cwmars.org wendell
westboro.cwmars.org westboro
westfield.cwmars.org westfield
westhamptn.cwmars.org westhamptn
westminster.cwmars.org westminster
whately.cwmars.org whately
whitnsvlle.cwmars.org whitnsvlle
wilbraham.cwmars.org wilbraham
willmsbrg.cwmars.org willmsbrg
willmstwn.cwmars.org willmstwn
winchendon.cwmars.org winchendon
windsor.cwmars.org windsor
worp-bm.cwmars.org worp-bm
worp-bm2.cwmars.org worp-bm2
worp-bur.cwmars.org worp-bur
worp-fp.cwmars.org worp-fp
worp-gbv.cwmars.org worp-gbv
worp-god.cwmars.org worp-god
worp-main.cwmars.org worp-main
worp-roo.cwmars.org worp-roo
worp.tat.cwmars.org worp-tat
wspringfld.cwmars.org wspringfld
wstockbrdg.cwmars.org wstockbrdg
wwarren.cwmars.org wwarren
